{"weights": [-0.005934624331392324, -0.004606409029622, -0.007789090298195975, -0.006110398091414382, 0.015125630948659595, 0.0036189369993613165, 0.0022606730860549023, 0.004428056414709889, -0.009147176244835306, 0.049587083833700606, 0.056481090262202695, 0.10268889894444207, -0.030033246474902527, 0.0951926966160748, 0.0108965283988374, -0.029276574098379818, 0.4181795188682689, 0.01155090678678705, -0.011263882655881621, 0.09884822433045609, -0.014577203015683035, 0.6565389562467049, 0.038296994447905144, 0.01786200663764514, 0.08542518980949138, 0.005852736890196585, 0.0004734587926519922, 0.027284676698615878], "bias": -7.233343953363174e-05, "best_loss": 0.02910079995180226}