{"weights": [-6.716585076947958e-05, -0.0031202667716813113, 0.04890987206059929, 0.016648731832859653, 0.056233326702093966, 0.09897958008962442, -0.025561560936644124, 0.10779481860841272, 0.012143254473351833, -0.031705375529686074, 0.3996340530128548, 0.009626587702479143, -0.0061573850325101764, 0.08871361255084274, -0.019231438154451292, 0.6814340012027542, 0.038210596588283484, 0.015423887166456098, 0.08672413150693167, 0.006548424393583738, -0.004485302593654341, 0.016143303390846284], "bias": 6.925627682503215e-06, "best_loss": 0.0291267429609638}