{"weights": [0.005564328797141379, -0.005819842653574725, 0.04306094196406069, 0.015240630454409978, 0.05232133062459387, 0.10622612243235173, -0.0292942685741764, 0.1009885360286238, 0.00461220333171833, -0.032456767266284346, 0.39679764627599196, 0.01750707234346413, -0.006341191738631953, 0.09540748365079402, -0.018551923402413906, 0.6844786873061027, 0.03851222370421406, 0.014631911060465816, 0.09139187272990515, 0.005137714625746871, -0.008467690782586463, 0.014054124298221018], "bias": -1.2923838336641265e-05, "best_loss": 0.02903258854947177}
