{"weights": [0.0025969633419989295, -0.0033679638077961623, 0.04196135113655986, 0.008010362611168033, 0.051683173808503895, 0.09789282021698006, -0.02627383546373647, 0.10228043131196699, 0.0037696136436770416, -0.027080898994010796, 0.4124521974749946, 0.015224640211370655, -0.005716156377107289, 0.09603184389067888, -0.017059854176390162, 0.6721132258983858, 0.03366020266949998, 0.01828383277768445, 0.08744131665835281, 0.0037994636357086306, -0.006137415184373034, 0.016893505378280334], "bias": -4.8939114798090074e-05, "best_loss": 0.029544132126923098}