{"weights": [0.025154837701345096, 0.04849052742260403, 0.044556699910008324, 0.9009922670521966, 0.043896298467466045, -0.03487996895824013, 0.02130585472508714, 0.029461609248239637], "bias": -7.729429157604541e-07, "best_loss": 0.050875955457343844}