{"weights": [0.023331797470760675, 0.04780434609212585, 0.04583538475814828, 0.9003266813887852, 0.04092369414071358, -0.034779007334746946, 0.018536489521941004, 0.02296726330566229], "bias": 2.9234082942047177e-05, "best_loss": 0.05319502006590103}