{"weights": [0.022530758762871042, 0.046089736955029166, 0.04586946077985496, 0.908498305025853, 0.03642144017987019, -0.018857417880646054, 0.014707608465713486, 0.040995478064016176], "bias": -1.552276139377262e-06, "best_loss": 0.05042079114284896}