{"weights": [0.021346815084153373, 0.05288482613881457, 0.04085289945203199, 0.9018971282987234, 0.032871972592530434, -0.048587264930771444, 0.026463769905265666, 0.022468443803772505], "bias": -5.708077410721469e-06, "best_loss": 0.051269448191913335}
