{
  "weights": [
    0.0011346143873260954,
    -0.0012768326875642025,
    0.04641372019538211,
    0.012444607293749427,
    0.05280862583029034,
    0.10429512885028089,
    -0.02723625703514742,
    0.1004982154812117,
    0.010626692024764873,
    -0.0311777964064743,
    0.3995915084685542,
    0.012500271255223825,
    -0.004512624964029196,
    0.09470970761103045,
    -0.012606514472032633,
    0.6769358329574349,
    0.03504542580197634,
    0.01455796060002635,
    0.08918474629837088,
    0.005378264216860887,
    -0.018709956001661976,
    0.00441471016830915
  ],
  "bias": -7.806415287641528e-06,
  "best_loss": 0.029575028548540695
}